{
    "camera_matrix": [
        [
            9453.59153374765,
            0.0,
            809.5
        ],
        [
            0.0,
            8115.380311416649,
            539.5
        ],
        [
            0.0,
            0.0,
            1.0
        ]
    ],
    "dist_coeffs": [
        [
            -5.8383063482060775,
            -2556.2350803311233,
            0.27597314279024815,
            -0.08344792774747184,
            34850.21605153747,
            20.876760414091564,
            -2829.0171949385717,
            -16519.22220129004,
            0.0,
            0.0,
            0.0,
            0.0,
            0.0,
            0.0
        ]
    ],
    "fx": 9453.59153374765,
    "fy": 8115.380311416649,
    "cx": 809.5,
    "cy": 539.5,
    "k1": -5.8383063482060775,
    "k2": -2556.2350803311233,
    "p1": 0.27597314279024815,
    "p2": -0.08344792774747184,
    "k3": 34850.21605153747,
    "rmse": 1.1147976297760402,
    "image_size": [
        1620,
        1080
    ],
    "num_images_used": 46,
    "calibration_date": "2026-04-06T16:17:47.114948",
    "model": "standard"
}